{
    "quantile_0.5": {
        "pinball_loss": 0.34470151347759675,
        "mae": 0.6894030269551935
    },
    "median": {
        "mae": 0.6894030269551935,
        "r2": 0.4751111180158756
    }
}