{
    "quantile_0.05": {
        "pinball_loss": 0.09757112101546685,
        "mae": 1.5435403322229626
    },
    "quantile_0.25": {
        "pinball_loss": 0.2943200451101955,
        "mae": 0.8846197926832639
    },
    "quantile_0.5": {
        "pinball_loss": 0.354307938119335,
        "mae": 0.70861587623867
    },
    "quantile_0.75": {
        "pinball_loss": 0.27838466572079795,
        "mae": 0.8753579824795369
    },
    "quantile_0.95": {
        "pinball_loss": 0.08678232185374948,
        "mae": 1.4105697511851096
    },
    "coverage": {
        "range": [
            0.05,
            0.95
        ],
        "actual_coverage": 0.881875,
        "expected_coverage": 0.8999999999999999
    },
    "median": {
        "mae": 0.70861587623867,
        "r2": 0.43393993004441256
    }
}